{"assets": {"container": {"docker": {"controller": "avinetworks/controller", "serviceengine": "avinetworks/se"}}}, "images": {"icon-small": "https://s3-us-west-2.amazonaws.com/dcos/avi-small.png", "icon-large": "https://s3-us-west-2.amazonaws.com/dcos/avi-high.jpg", "screenshots": ["https://s3-us-west-2.amazonaws.com/dcos/security.png", "https://s3-us-west-2.amazonaws.com/dcos/selfservice.png", "https://s3-us-west-2.amazonaws.com/dcos/healthscore.png", "https://s3-us-west-2.amazonaws.com/dcos/analytics.png"], "icon-medium": "https://s3-us-west-2.amazonaws.com/dcos/avi-medium.jpg"}}