{"assets": {"container": {"docker": {"v2-0-0": "adobeplatform/aws-ecr-login:v2.0.0"}}}, "images": {"icon-small": "https://upload.wikimedia.org/wikipedia/commons/thumb/a/af/AWS_Simple_Icons_Compute_ECS.svg/100px-AWS_Simple_Icons_Compute_ECS.svg.png", "icon-large": "https://upload.wikimedia.org/wikipedia/commons/thumb/a/af/AWS_Simple_Icons_Compute_ECS.svg/2000px-AWS_Simple_Icons_Compute_ECS.svg.png", "icon-medium": "https://upload.wikimedia.org/wikipedia/commons/thumb/a/af/AWS_Simple_Icons_Compute_ECS.svg/500px-AWS_Simple_Icons_Compute_ECS.svg.png"}}