{"assets": {"container": {"docker": {"d9aca89b8809": "docker.io/arangodb/arangodb-mesos-framework:build13", "21d0055b2614": "docker.io/arangodb/arangodb-mesos-framework:build14"}}}, "images": {"icon-small": "https://raw.githubusercontent.com/arangodb/arangodb-dcos/master/icons/arangodb_small.png", "icon-large": "https://raw.githubusercontent.com/arangodb/arangodb-dcos/master/icons/arangodb_large.png", "icon-medium": "https://raw.githubusercontent.com/arangodb/arangodb-dcos/master/icons/arangodb_medium.png"}}